YearMonth,Prediction_JMK($MMBtu),Prediction_HH,Prediction_TTF(€/MWh),Prediction_PVB(€/MWh)
2025-07,12.328331785490436,3.1728286747442134,38.350732606812834,36.38663298060818
2025-08,11.500971594943154,3.1547707811310404,35.52757983986408,37.28176181385594
2025-09,12.962847084025542,3.0772757490724323,35.49093193468948,38.322828857421875
2025-10,13.537051900386809,3.145962882079184,34.93468827813864,37.15522866681218
